-- Mock data for Peter Kariuki (car_owner) - his ride requests and completed rides
INSERT INTO ride_requests (id, user_id, pickup_address, pickup_latitude, pickup_longitude, destination_address, destination_latitude, destination_longitude, service_type, status, estimated_fare, created_at, updated_at) VALUES
('550e8400-e29b-41d4-a716-446655440001', 'dc3f9729-25a2-46b7-b10b-6dace279afcd', 'Strathmore University, Nairobi', -1.3067, 36.8109, 'KICC, Nairobi', -1.2921, 36.8219, 'car', 'completed', 850, NOW() - INTERVAL '2 days', NOW() - INTERVAL '2 days'),
('550e8400-e29b-41d4-a716-446655440002', 'dc3f9729-25a2-46b7-b10b-6dace279afcd', 'Westlands, Nairobi', -1.2630, 36.8065, 'Airport, Nairobi', -1.3197, 36.9276, 'car', 'completed', 1500, NOW() - INTERVAL '5 days', NOW() - INTERVAL '5 days'),
('550e8400-e29b-41d4-a716-446655440003', 'dc3f9729-25a2-46b7-b10b-6dace279afcd', 'Karen, Nairobi', -1.3197, 36.7081, 'CBD, Nairobi', -1.2864, 36.8172, 'car', 'completed', 1200, NOW() - INTERVAL '1 week', NOW() - INTERVAL '1 week'),
('550e8400-e29b-41d4-a716-446655440004', 'dc3f9729-25a2-46b7-b10b-6dace279afcd', 'Kilimani, Nairobi', -1.2912, 36.7858, 'Gigiri, Nairobi', -1.2342, 36.7633, 'car', 'completed', 950, NOW() - INTERVAL '10 days', NOW() - INTERVAL '10 days'),
('550e8400-e29b-41d4-a716-446655440005', 'dc3f9729-25a2-46b7-b10b-6dace279afcd', 'Junction Mall, Nairobi', -1.2630, 36.8065, 'Lavington, Nairobi', -1.2833, 36.7667, 'car', 'completed', 600, NOW() - INTERVAL '2 weeks', NOW() - INTERVAL '2 weeks');

-- Mock vehicles for the drivers
INSERT INTO vehicles (id, driver_id, make, model, year, license_plate, color, vehicle_type, is_active, created_at, updated_at) VALUES
('770e8400-e29b-41d4-a716-446655440001', 'e5e4f0a1-da32-471c-856b-f3b6cc6cf4f5', 'Toyota', 'Corolla', 2020, 'KCA 123A', 'White', 'car', true, NOW() - INTERVAL '1 year', NOW()),
('770e8400-e29b-41d4-a716-446655440002', '19c37074-3ee4-4ee2-90f8-b666b9b9f192', 'Mercedes', 'E-Class', 2022, 'KCB 456B', 'Black', 'car', true, NOW() - INTERVAL '1 year', NOW());

-- Mock rides for Peter's completed trips with different drivers
INSERT INTO rides (id, request_id, driver_id, vehicle_id, status, pickup_time, start_time, end_time, actual_fare, driver_rating, passenger_rating, created_at, updated_at) VALUES
('660e8400-e29b-41d4-a716-446655440001', '550e8400-e29b-41d4-a716-446655440001', 'e5e4f0a1-da32-471c-856b-f3b6cc6cf4f5', '770e8400-e29b-41d4-a716-446655440001', 'completed', NOW() - INTERVAL '2 days' + INTERVAL '5 minutes', NOW() - INTERVAL '2 days' + INTERVAL '10 minutes', NOW() - INTERVAL '2 days' + INTERVAL '35 minutes', 850, 5, 4, NOW() - INTERVAL '2 days', NOW() - INTERVAL '2 days' + INTERVAL '35 minutes'),
('660e8400-e29b-41d4-a716-446655440002', '550e8400-e29b-41d4-a716-446655440002', '19c37074-3ee4-4ee2-90f8-b666b9b9f192', '770e8400-e29b-41d4-a716-446655440002', 'completed', NOW() - INTERVAL '5 days' + INTERVAL '3 minutes', NOW() - INTERVAL '5 days' + INTERVAL '8 minutes', NOW() - INTERVAL '5 days' + INTERVAL '45 minutes', 1500, 5, 5, NOW() - INTERVAL '5 days', NOW() - INTERVAL '5 days' + INTERVAL '45 minutes'),
('660e8400-e29b-41d4-a716-446655440003', '550e8400-e29b-41d4-a716-446655440003', 'e5e4f0a1-da32-471c-856b-f3b6cc6cf4f5', '770e8400-e29b-41d4-a716-446655440001', 'completed', NOW() - INTERVAL '1 week' + INTERVAL '7 minutes', NOW() - INTERVAL '1 week' + INTERVAL '12 minutes', NOW() - INTERVAL '1 week' + INTERVAL '40 minutes', 1200, 4, 5, NOW() - INTERVAL '1 week', NOW() - INTERVAL '1 week' + INTERVAL '40 minutes'),
('660e8400-e29b-41d4-a716-446655440004', '550e8400-e29b-41d4-a716-446655440004', '19c37074-3ee4-4ee2-90f8-b666b9b9f192', '770e8400-e29b-41d4-a716-446655440002', 'completed', NOW() - INTERVAL '10 days' + INTERVAL '4 minutes', NOW() - INTERVAL '10 days' + INTERVAL '9 minutes', NOW() - INTERVAL '10 days' + INTERVAL '32 minutes', 950, 5, 4, NOW() - INTERVAL '10 days', NOW() - INTERVAL '10 days' + INTERVAL '32 minutes'),
('660e8400-e29b-41d4-a716-446655440005', '550e8400-e29b-41d4-a716-446655440005', 'e5e4f0a1-da32-471c-856b-f3b6cc6cf4f5', '770e8400-e29b-41d4-a716-446655440001', 'completed', NOW() - INTERVAL '2 weeks' + INTERVAL '6 minutes', NOW() - INTERVAL '2 weeks' + INTERVAL '11 minutes', NOW() - INTERVAL '2 weeks' + INTERVAL '25 minutes', 600, 5, 5, NOW() - INTERVAL '2 weeks', NOW() - INTERVAL '2 weeks' + INTERVAL '25 minutes');

-- Available ride requests for Sarah Wilson to accept (pending status)
INSERT INTO ride_requests (id, user_id, pickup_address, pickup_latitude, pickup_longitude, destination_address, destination_latitude, destination_longitude, service_type, status, estimated_fare, created_at, updated_at) VALUES
('550e8400-e29b-41d4-a716-446655440010', '7ad79710-441a-4d07-9869-1a27e388c50b', 'Village Market, Nairobi', -1.2342, 36.7633, 'Westgate Mall, Nairobi', -1.2630, 36.8065, 'car', 'pending', 750, NOW() - INTERVAL '10 minutes', NOW() - INTERVAL '10 minutes'),
('550e8400-e29b-41d4-a716-446655440011', 'dc3f9729-25a2-46b7-b10b-6dace279afcd', 'Two Rivers Mall, Nairobi', -1.2330, 36.8920, 'Garden City Mall, Nairobi', -1.2395, 36.7873, 'car', 'pending', 650, NOW() - INTERVAL '5 minutes', NOW() - INTERVAL '5 minutes'),
('550e8400-e29b-41d4-a716-446655440012', '7ad79710-441a-4d07-9869-1a27e388c50b', 'Sarit Centre, Nairobi', -1.2630, 36.8065, 'JKIA Terminal, Nairobi', -1.3197, 36.9276, 'car', 'pending', 1800, NOW() - INTERVAL '2 minutes', NOW() - INTERVAL '2 minutes');

-- Sarah Wilson's completed rides as driver (historical earnings)
INSERT INTO ride_requests (id, user_id, pickup_address, pickup_latitude, pickup_longitude, destination_address, destination_latitude, destination_longitude, service_type, status, estimated_fare, created_at, updated_at) VALUES
('550e8400-e29b-41d4-a716-446655440020', '7ad79710-441a-4d07-9869-1a27e388c50b', 'CBD, Nairobi', -1.2864, 36.8172, 'Westlands, Nairobi', -1.2630, 36.8065, 'car', 'completed', 650, NOW() - INTERVAL '1 day', NOW() - INTERVAL '1 day'),
('550e8400-e29b-41d4-a716-446655440021', 'dc3f9729-25a2-46b7-b10b-6dace279afcd', 'Airport, Nairobi', -1.3197, 36.9276, 'Kilimani, Nairobi', -1.2912, 36.7858, 'car', 'completed', 1350, NOW() - INTERVAL '3 days', NOW() - INTERVAL '3 days'),
('550e8400-e29b-41d4-a716-446655440022', '7ad79710-441a-4d07-9869-1a27e388c50b', 'Karen Hospital, Nairobi', -1.3197, 36.7081, 'ABC Place, Nairobi', -1.2630, 36.8065, 'car', 'completed', 890, NOW() - INTERVAL '6 days', NOW() - INTERVAL '6 days'),
('550e8400-e29b-41d4-a716-446655440023', 'dc3f9729-25a2-46b7-b10b-6dace279afcd', 'Galleria Mall, Nairobi', -1.2342, 36.7633, 'CBD, Nairobi', -1.2864, 36.8172, 'car', 'completed', 780, NOW() - INTERVAL '1 week', NOW() - INTERVAL '1 week'),
('550e8400-e29b-41d4-a716-446655440024', '7ad79710-441a-4d07-9869-1a27e388c50b', 'Nyayo Stadium, Nairobi', -1.3031, 36.8344, 'Village Market, Nairobi', -1.2342, 36.7633, 'car', 'completed', 920, NOW() - INTERVAL '10 days', NOW() - INTERVAL '10 days');

-- Sarah's completed rides as driver
INSERT INTO rides (id, request_id, driver_id, vehicle_id, status, pickup_time, start_time, end_time, actual_fare, driver_rating, passenger_rating, created_at, updated_at) VALUES
('660e8400-e29b-41d4-a716-446655440020', '550e8400-e29b-41d4-a716-446655440020', 'e5e4f0a1-da32-471c-856b-f3b6cc6cf4f5', '770e8400-e29b-41d4-a716-446655440001', 'completed', NOW() - INTERVAL '1 day' + INTERVAL '3 minutes', NOW() - INTERVAL '1 day' + INTERVAL '8 minutes', NOW() - INTERVAL '1 day' + INTERVAL '28 minutes', 650, 5, 4, NOW() - INTERVAL '1 day', NOW() - INTERVAL '1 day' + INTERVAL '28 minutes'),
('660e8400-e29b-41d4-a716-446655440021', '550e8400-e29b-41d4-a716-446655440021', 'e5e4f0a1-da32-471c-856b-f3b6cc6cf4f5', '770e8400-e29b-41d4-a716-446655440001', 'completed', NOW() - INTERVAL '3 days' + INTERVAL '5 minutes', NOW() - INTERVAL '3 days' + INTERVAL '10 minutes', NOW() - INTERVAL '3 days' + INTERVAL '42 minutes', 1350, 5, 5, NOW() - INTERVAL '3 days', NOW() - INTERVAL '3 days' + INTERVAL '42 minutes'),
('660e8400-e29b-41d4-a716-446655440022', '550e8400-e29b-41d4-a716-446655440022', 'e5e4f0a1-da32-471c-856b-f3b6cc6cf4f5', '770e8400-e29b-41d4-a716-446655440001', 'completed', NOW() - INTERVAL '6 days' + INTERVAL '4 minutes', NOW() - INTERVAL '6 days' + INTERVAL '9 minutes', NOW() - INTERVAL '6 days' + INTERVAL '31 minutes', 890, 4, 5, NOW() - INTERVAL '6 days', NOW() - INTERVAL '6 days' + INTERVAL '31 minutes'),
('660e8400-e29b-41d4-a716-446655440023', '550e8400-e29b-41d4-a716-446655440023', 'e5e4f0a1-da32-471c-856b-f3b6cc6cf4f5', '770e8400-e29b-41d4-a716-446655440001', 'completed', NOW() - INTERVAL '1 week' + INTERVAL '6 minutes', NOW() - INTERVAL '1 week' + INTERVAL '11 minutes', NOW() - INTERVAL '1 week' + INTERVAL '29 minutes', 780, 5, 5, NOW() - INTERVAL '1 week', NOW() - INTERVAL '1 week' + INTERVAL '29 minutes'),
('660e8400-e29b-41d4-a716-446655440024', '550e8400-e29b-41d4-a716-446655440024', 'e5e4f0a1-da32-471c-856b-f3b6cc6cf4f5', '770e8400-e29b-41d4-a716-446655440001', 'completed', NOW() - INTERVAL '10 days' + INTERVAL '7 minutes', NOW() - INTERVAL '10 days' + INTERVAL '12 minutes', NOW() - INTERVAL '10 days' + INTERVAL '33 minutes', 920, 5, 4, NOW() - INTERVAL '10 days', NOW() - INTERVAL '10 days' + INTERVAL '33 minutes');